{"accuracy": 0.8301282051282052, "precision": 0.8183856502242153, "recall": 0.9358974358974359, "f1": 0.8732057416267942, "auc": 0.9190006574621958}