{"train_loss": [0.5582249844478349, 0.4214000977196936, 0.3672882929191751, 0.33943160711708714, 0.3227407169544091, 0.31581914268307765, 0.30639278226989813, 0.29759290081969764, 0.29478671414367225, 0.2860440122626596, 0.2852386970641249, 0.2817816537315563, 0.2755929093744795, 0.2720613014647516, 0.2738818718467729], "val_loss": [0.5202338207851757, 0.46488216429045703, 0.4579593132842671, 0.3915917950146126, 0.3670807674978719, 0.3509741791269996, 0.3399312554886847, 0.3477270178722613, 0.3339136617653298, 0.3384284801555402, 0.32313215100403986, 0.326426727753697, 0.3363250977162159, 0.33465442512974597, 0.3350777260281823]}