{"train_loss": [0.5237302115640124, 0.2928524210646346, 0.19734709135986664, 0.17465728934149485, 0.16063969652797724, 0.150315139291657, 0.14938484353793635, 0.14860479966611476, 0.13930935241483353, 0.14166311884449945, 0.13150440800834345, 0.13676322251558304, 0.13993667801086968, 0.135013533101694, 0.13206503736610348], "val_loss": [0.4073589113023546, 0.1987077941497167, 0.17590238567855623, 0.13877187793453535, 0.15308292458454767, 0.13095000841551357, 0.12344555929303169, 0.12153048440814018, 0.11991621553897858, 0.11714084446430206, 0.12206779710120624, 0.11554286960098478, 0.11545496889286572, 0.11484131506747669, 0.11365528487496906]}