{"accuracy": 0.8477564102564102, "precision": 0.8105263157894737, "recall": 0.9871794871794872, "f1": 0.8901734104046243, "auc": 0.9207867630944554}